property_id,property_type,district,size_sqm,rooms,energy_class,asking_price_eur,intake_date,listed_date,days_to_publish,agent_id,status
RK-0001,Apartment,Hamburg-Harburg,54,3,C,294000,2024-04-12,2024-05-01,19,Agent_23,Sold
RK-0002,Apartment,Hamburg-Barmbek,42,1,A+,192000,2024-11-27,2024-12-09,12,Agent_30,Withdrawn
RK-0003,House,Hamburg-St. Pauli,157,5,B,777000,2025-07-04,2025-07-14,10,Agent_28,Sold
RK-0004,Commercial,Hamburg-Eppendorf,110,4,C,414000,2025-05-16,2025-05-19,3,Agent_37,Sold
RK-0005,Apartment,Hamburg-St. Pauli,128,4,C,517000,2024-12-09,2024-12-11,2,Agent_20,Active
RK-0006,Apartment,Hamburg-Altona,86,2,C,495000,2025-07-07,2025-07-15,8,Agent_04,Active
RK-0007,House,Hamburg-Blankenese,245,6,C,1068000,2024-07-16,2024-07-20,4,Agent_14,Sold
RK-0008,Studio,Hamburg-Bergedorf,40,1,F,189000,2024-11-18,2024-12-03,15,Agent_24,Sold
RK-0009,Apartment,Hamburg-Blankenese,68,4,A+,263000,2025-06-03,2025-06-04,1,Agent_44,Sold
RK-0010,House,Hamburg-St. Pauli,262,6,E,1199000,2025-04-27,2025-05-04,7,Agent_41,Sold
RK-0011,Apartment,Hamburg-Barmbek,87,2,E,483000,2024-03-27,2024-04-08,12,Agent_40,Sold
RK-0012,Apartment,Hamburg-Harburg,117,4,C,565000,2024-07-22,2024-08-05,14,Agent_39,Sold
RK-0013,Apartment,Hamburg-Winterhude,116,2,E,541000,2024-08-08,2024-08-28,20,Agent_32,Active
RK-0014,Apartment,Hamburg-St. Pauli,82,2,E,409000,2025-11-10,2025-11-29,19,Agent_22,Sold
RK-0015,House,Hamburg-Harburg,233,5,B,1361000,2025-06-19,2025-07-09,20,Agent_30,Active
RK-0016,Apartment,Hamburg-Wandsbek,101,2,B,525000,2024-09-19,2024-10-09,20,Agent_13,Active
RK-0017,House,Hamburg-Blankenese,161,4,D,879000,2025-10-30,2025-11-14,15,Agent_32,Sold
RK-0018,Studio,Hamburg-Eppendorf,39,1,B,206000,2025-05-17,2025-05-24,7,Agent_02,Active
RK-0019,Apartment,Hamburg-Altona,41,3,C,221000,2024-08-11,2024-08-12,1,Agent_19,Sold
RK-0020,House,Hamburg-Blankenese,167,4,C,1245000,2024-04-15,2024-05-02,17,Agent_38,Withdrawn
RK-0021,Apartment,Hamburg-Eppendorf,55,4,C,272000,2024-06-29,2024-07-05,6,Agent_16,Sold
RK-0022,Apartment,Hamburg-HafenCity,106,4,E,587000,2025-05-02,2025-05-03,1,Agent_40,Active
RK-0023,Apartment,Hamburg-St. Pauli,128,2,B,670000,2024-10-21,2024-10-24,3,Agent_07,Withdrawn
RK-0024,House,Hamburg-Ottensen,212,4,E,1172000,2024-08-29,2024-09-10,12,Agent_05,Active
RK-0025,Apartment,Hamburg-Winterhude,58,3,A,287000,2025-02-06,2025-02-07,1,Agent_24,Active
RK-0026,Penthouse,Hamburg-Altona,173,4,B,1480000,2025-04-14,2025-04-17,3,Agent_25,Sold
RK-0027,House,Hamburg-Blankenese,268,4,C,1555000,2025-01-16,2025-02-01,16,Agent_20,Sold
RK-0028,House,Hamburg-Barmbek,132,5,F,680000,2025-03-31,2025-04-14,14,Agent_30,Sold
RK-0029,Penthouse,Hamburg-Ottensen,116,4,B,788000,2025-08-16,2025-08-31,15,Agent_33,Sold
RK-0030,House,Hamburg-Eppendorf,148,4,D,1102000,2024-07-24,2024-08-07,14,Agent_06,Withdrawn
RK-0031,Apartment,Hamburg-Altona,85,4,C,382000,2024-04-24,2024-04-25,1,Agent_03,Withdrawn
RK-0032,House,Hamburg-HafenCity,203,4,A,979000,2024-09-29,2024-10-14,15,Agent_22,Sold
RK-0033,Penthouse,Hamburg-Bergedorf,106,5,D,662000,2024-06-17,2024-06-24,7,Agent_29,Sold
RK-0034,Commercial,Hamburg-Eimsbüttel,72,4,A,290000,2024-01-23,2024-02-05,13,Agent_20,Sold
RK-0035,Apartment,Hamburg-Bergedorf,126,1,C,584000,2025-12-08,2025-12-27,19,Agent_25,Active
RK-0036,House,Hamburg-Eimsbüttel,185,4,D,903000,2024-02-12,2024-02-23,11,Agent_37,Active
RK-0037,Studio,Hamburg-HafenCity,26,1,A,136000,2024-11-30,2024-12-15,15,Agent_35,Active
RK-0038,Studio,Hamburg-St. Pauli,29,1,D,165000,2025-10-03,2025-10-20,17,Agent_19,Active
RK-0039,Apartment,Hamburg-Altona,101,4,B,579000,2025-10-01,2025-10-02,1,Agent_47,Active
RK-0040,Apartment,Hamburg-HafenCity,40,4,A+,180000,2025-03-17,2025-03-22,5,Agent_22,Sold
RK-0041,Apartment,Hamburg-Winterhude,125,1,B,630000,2024-02-23,2024-03-09,15,Agent_49,Active
RK-0042,Commercial,Hamburg-Bergedorf,400,4,C,1525000,2024-09-05,2024-09-10,5,Agent_23,Sold
RK-0043,Apartment,Hamburg-Blankenese,49,3,E,266000,2024-11-07,2024-11-20,13,Agent_04,Withdrawn
RK-0044,Commercial,Hamburg-Eppendorf,219,3,C,734000,2025-10-13,2025-10-25,12,Agent_50,Sold
RK-0045,House,Hamburg-St. Pauli,200,5,B,1128000,2024-06-06,2024-06-16,10,Agent_43,Active
RK-0046,Apartment,Hamburg-Altona,74,2,B,288000,2025-08-17,2025-08-27,10,Agent_26,Sold
RK-0047,House,Hamburg-Ottensen,213,5,F,982000,2025-01-06,2025-01-10,4,Agent_25,Sold
RK-0048,Apartment,Hamburg-HafenCity,63,4,C,310000,2025-06-13,2025-07-01,18,Agent_49,Withdrawn
RK-0049,House,Hamburg-Eimsbüttel,111,5,C,638000,2024-10-02,2024-10-05,3,Agent_41,Sold
RK-0050,Apartment,Hamburg-Eppendorf,52,4,A,313000,2025-08-22,2025-09-03,12,Agent_41,Sold
RK-0051,Studio,Hamburg-Ottensen,39,1,A,189000,2025-05-05,2025-05-20,15,Agent_16,Sold
RK-0052,House,Hamburg-Bergedorf,152,6,A,1036000,2024-01-26,2024-02-08,13,Agent_42,Sold
RK-0053,Apartment,Hamburg-Bergedorf,126,3,C,573000,2025-08-01,2025-08-10,9,Agent_10,Active
RK-0054,Apartment,Hamburg-Ottensen,52,2,B,271000,2025-09-23,2025-09-25,2,Agent_05,Sold
RK-0055,Commercial,Hamburg-Winterhude,401,4,B,1676000,2025-05-18,2025-05-25,7,Agent_25,Sold
RK-0056,Apartment,Hamburg-Altona,93,3,C,420000,2025-06-07,2025-06-14,7,Agent_03,Active
RK-0057,Apartment,Hamburg-St. Pauli,100,4,F,576000,2023-12-29,2024-01-01,3,Agent_13,Sold
RK-0058,Apartment,Hamburg-Ottensen,95,3,A+,469000,2024-05-01,2024-05-13,12,Agent_45,Withdrawn
RK-0059,Penthouse,Hamburg-Wandsbek,125,4,B,944000,2025-02-26,2025-03-16,18,Agent_47,Active
RK-0060,Studio,Hamburg-Wandsbek,41,1,E,242000,2024-08-30,2024-09-15,16,Agent_23,Withdrawn
RK-0061,Apartment,Hamburg-Blankenese,115,2,B,480000,2024-01-04,2024-01-08,4,Agent_26,Sold
RK-0062,Apartment,Hamburg-Eimsbüttel,80,2,C,460000,2025-04-29,2025-05-16,17,Agent_09,Sold
RK-0063,Apartment,Hamburg-Wandsbek,52,4,C,218000,2025-07-28,2025-08-16,19,Agent_05,Withdrawn
RK-0064,Commercial,Hamburg-Eimsbüttel,424,5,B,1490000,2025-01-07,2025-01-08,1,Agent_18,Sold
RK-0065,Apartment,Hamburg-Eimsbüttel,98,4,A+,518000,2025-08-23,2025-09-01,9,Agent_35,Active
RK-0066,House,Hamburg-Bergedorf,194,6,D,1361000,2025-03-07,2025-03-12,5,Agent_37,Active
RK-0067,Apartment,Hamburg-Blankenese,40,4,C,181000,2025-03-20,2025-03-21,1,Agent_49,Sold
RK-0068,Apartment,Hamburg-St. Pauli,65,3,D,275000,2024-04-24,2024-04-27,3,Agent_50,Withdrawn
RK-0069,Apartment,Hamburg-Barmbek,96,3,C,485000,2025-07-20,2025-07-31,11,Agent_39,Withdrawn
RK-0070,House,Hamburg-Eimsbüttel,181,5,D,1286000,2025-03-08,2025-03-10,2,Agent_38,Sold
RK-0071,House,Hamburg-Eimsbüttel,150,6,B,749000,2024-04-30,2024-05-17,17,Agent_10,Sold
RK-0072,Studio,Hamburg-Harburg,40,1,A,219000,2024-07-12,2024-07-23,11,Agent_43,Active
RK-0073,Apartment,Hamburg-Eppendorf,114,2,E,536000,2024-12-21,2024-12-25,4,Agent_25,Sold
RK-0074,Studio,Hamburg-Bergedorf,38,1,B,206000,2023-12-18,2024-01-05,18,Agent_28,Active
RK-0075,Apartment,Hamburg-Wandsbek,51,2,A,294000,2024-03-05,2024-03-18,13,Agent_27,Sold
RK-0076,House,Hamburg-Winterhude,155,6,D,1097000,2024-01-31,2024-02-17,17,Agent_26,Sold
RK-0077,Apartment,Hamburg-St. Pauli,118,3,B,455000,2025-12-12,2025-12-26,14,Agent_26,Sold
RK-0078,House,Hamburg-HafenCity,113,4,C,574000,2024-01-04,2024-01-07,3,Agent_47,Sold
RK-0079,Apartment,Hamburg-Bergedorf,77,3,C,386000,2025-09-17,2025-09-22,5,Agent_28,Sold
RK-0080,Apartment,Hamburg-Wandsbek,83,2,C,487000,2025-07-23,2025-08-02,10,Agent_03,Active
RK-0081,House,Hamburg-Ottensen,133,5,B,930000,2025-08-07,2025-08-17,10,Agent_41,Sold
RK-0082,House,Hamburg-HafenCity,158,7,C,871000,2025-03-06,2025-03-12,6,Agent_06,Withdrawn
RK-0083,Apartment,Hamburg-Winterhude,63,4,F,287000,2024-08-22,2024-08-30,8,Agent_37,Withdrawn
RK-0084,House,Hamburg-Blankenese,174,6,D,843000,2024-04-10,2024-04-27,17,Agent_30,Sold
RK-0085,House,Hamburg-Bergedorf,235,5,B,1509000,2024-10-21,2024-10-26,5,Agent_06,Sold
RK-0086,House,Hamburg-Ottensen,212,5,C,1325000,2024-03-16,2024-03-30,14,Agent_38,Withdrawn
RK-0087,Apartment,Hamburg-Bergedorf,42,1,F,189000,2024-01-05,2024-01-10,5,Agent_23,Sold
RK-0088,Commercial,Hamburg-Eimsbüttel,380,5,E,1853000,2025-06-30,2025-07-03,3,Agent_30,Sold
RK-0089,Apartment,Hamburg-St. Pauli,114,4,D,612000,2025-05-19,2025-05-27,8,Agent_22,Active
RK-0090,Commercial,Hamburg-Eppendorf,329,4,C,1255000,2025-12-20,2025-12-25,5,Agent_05,Sold
RK-0091,Apartment,Hamburg-Eppendorf,81,2,C,498000,2024-10-13,2024-10-21,8,Agent_14,Sold
RK-0092,Apartment,Hamburg-Eppendorf,64,2,C,275000,2025-08-30,2025-09-07,8,Agent_39,Sold
RK-0093,House,Hamburg-HafenCity,141,4,C,1027000,2025-09-13,2025-09-14,1,Agent_30,Withdrawn
RK-0094,Commercial,Hamburg-Ottensen,470,1,E,1775000,2024-07-12,2024-07-14,2,Agent_10,Sold
RK-0095,Commercial,Hamburg-Blankenese,218,4,A,959000,2024-07-14,2024-08-03,20,Agent_15,Active
RK-0096,House,Hamburg-Ottensen,229,4,D,1574000,2024-10-07,2024-10-18,11,Agent_27,Withdrawn
RK-0097,Apartment,Hamburg-St. Pauli,45,3,E,208000,2024-11-27,2024-12-11,14,Agent_43,Active
RK-0098,Apartment,Hamburg-Blankenese,99,3,C,411000,2024-11-14,2024-11-19,5,Agent_37,Sold
RK-0099,Apartment,Hamburg-Barmbek,48,3,D,251000,2025-08-21,2025-09-04,14,Agent_36,Sold
RK-0100,Apartment,Hamburg-Wandsbek,79,3,A,405000,2024-05-06,2024-05-16,10,Agent_26,Sold
RK-0101,Commercial,Hamburg-Harburg,353,2,C,1050000,2025-02-04,2025-02-21,17,Agent_43,Active
RK-0102,Apartment,Hamburg-Harburg,110,2,C,625000,2024-05-23,2024-06-09,17,Agent_29,Active
RK-0103,House,Hamburg-HafenCity,180,7,C,880000,2024-05-19,2024-05-27,8,Agent_49,Active
RK-0104,House,Hamburg-Blankenese,222,6,C,1394000,2025-10-14,2025-10-31,17,Agent_45,Active
RK-0105,House,Hamburg-HafenCity,212,5,E,1251000,2025-10-04,2025-10-05,1,Agent_08,Sold
RK-0106,Apartment,Hamburg-Blankenese,73,3,A+,433000,2024-02-06,2024-02-24,18,Agent_07,Active
RK-0107,Apartment,Hamburg-Eppendorf,98,3,E,404000,2024-02-08,2024-02-23,15,Agent_37,Sold
RK-0108,House,Hamburg-Winterhude,134,4,E,985000,2024-09-30,2024-10-14,14,Agent_43,Active
RK-0109,Apartment,Hamburg-HafenCity,94,4,D,550000,2024-11-18,2024-11-25,7,Agent_33,Active
RK-0110,Penthouse,Hamburg-Bergedorf,118,4,D,769000,2025-11-19,2025-12-09,20,Agent_11,Sold
RK-0111,Apartment,Hamburg-Ottensen,59,3,B,279000,2024-09-03,2024-09-12,9,Agent_34,Withdrawn
RK-0112,Commercial,Hamburg-Eppendorf,339,1,C,1561000,2025-12-10,2025-12-27,17,Agent_50,Sold
RK-0113,House,Hamburg-Winterhude,124,4,A,742000,2024-09-23,2024-10-04,11,Agent_46,Withdrawn
RK-0114,House,Hamburg-Wandsbek,136,4,B,1009000,2024-04-27,2024-05-07,10,Agent_36,Sold
RK-0115,House,Hamburg-Blankenese,221,6,B,1004000,2024-01-21,2024-01-27,6,Agent_27,Sold
RK-0116,Apartment,Hamburg-St. Pauli,49,4,F,221000,2025-09-11,2025-09-25,14,Agent_02,Active
RK-0117,Apartment,Hamburg-Harburg,65,1,B,333000,2024-01-07,2024-01-11,4,Agent_49,Sold
RK-0118,Apartment,Hamburg-Winterhude,63,4,B,373000,2024-11-06,2024-11-07,1,Agent_36,Sold
RK-0119,Commercial,Hamburg-Wandsbek,424,3,B,1264000,2024-07-17,2024-07-19,2,Agent_09,Sold
RK-0120,House,Hamburg-St. Pauli,203,5,C,1068000,2024-04-22,2024-05-10,18,Agent_37,Active
RK-0121,House,Hamburg-St. Pauli,118,5,C,834000,2024-01-07,2024-01-17,10,Agent_49,Withdrawn
RK-0122,House,Hamburg-Blankenese,248,6,B,1416000,2024-12-23,2025-01-08,16,Agent_06,Sold
RK-0123,Apartment,Hamburg-HafenCity,65,1,F,348000,2024-02-06,2024-02-16,10,Agent_16,Sold
RK-0124,Apartment,Hamburg-Blankenese,46,1,F,204000,2025-05-24,2025-06-02,9,Agent_48,Withdrawn
RK-0125,Apartment,Hamburg-Blankenese,78,3,B,411000,2025-04-27,2025-05-04,7,Agent_17,Active
RK-0126,Apartment,Hamburg-Blankenese,76,3,C,303000,2024-12-22,2024-12-29,7,Agent_15,Sold
RK-0127,Apartment,Hamburg-HafenCity,121,3,C,519000,2025-02-17,2025-03-01,12,Agent_02,Withdrawn
RK-0128,Apartment,Hamburg-Eimsbüttel,52,3,C,282000,2024-01-25,2024-02-08,14,Agent_29,Sold
RK-0129,House,Hamburg-Eimsbüttel,220,6,B,1126000,2024-12-04,2024-12-24,20,Agent_05,Active
RK-0130,Apartment,Hamburg-Ottensen,69,4,F,272000,2024-10-03,2024-10-19,16,Agent_01,Sold
RK-0131,Apartment,Hamburg-St. Pauli,127,2,C,766000,2024-02-25,2024-03-01,5,Agent_43,Withdrawn
RK-0132,Studio,Hamburg-Harburg,30,1,C,153000,2024-08-06,2024-08-13,7,Agent_04,Sold
RK-0133,Apartment,Hamburg-Bergedorf,113,1,D,523000,2024-07-27,2024-08-05,9,Agent_49,Sold
RK-0134,Apartment,Hamburg-Harburg,86,2,B,460000,2024-03-19,2024-04-08,20,Agent_49,Sold
RK-0135,House,Hamburg-Wandsbek,102,6,E,508000,2024-04-14,2024-04-29,15,Agent_25,Withdrawn
RK-0136,Apartment,Hamburg-Wandsbek,95,2,E,455000,2025-06-15,2025-06-24,9,Agent_03,Active
RK-0137,Apartment,Hamburg-Blankenese,64,3,C,304000,2024-07-29,2024-08-13,15,Agent_38,Active
RK-0138,House,Hamburg-Eppendorf,136,4,D,982000,2025-07-28,2025-08-15,18,Agent_40,Sold
RK-0139,House,Hamburg-Blankenese,190,6,B,1047000,2024-08-30,2024-09-18,19,Agent_16,Active
RK-0140,Apartment,Hamburg-Barmbek,52,4,B,287000,2024-06-14,2024-06-18,4,Agent_27,Withdrawn
RK-0141,Studio,Hamburg-Harburg,44,1,B,222000,2025-06-08,2025-06-18,10,Agent_10,Withdrawn
RK-0142,Apartment,Hamburg-Harburg,41,4,F,238000,2025-05-31,2025-06-07,7,Agent_02,Sold
RK-0143,Apartment,Hamburg-HafenCity,99,1,C,443000,2024-11-02,2024-11-21,19,Agent_30,Withdrawn
RK-0144,Apartment,Hamburg-Winterhude,99,2,A,583000,2024-09-30,2024-10-04,4,Agent_20,Sold
RK-0145,House,Hamburg-St. Pauli,249,6,D,1266000,2025-11-17,2025-12-05,18,Agent_50,Active
RK-0146,Commercial,Hamburg-Eppendorf,66,5,B,225000,2024-01-27,2024-02-02,6,Agent_47,Active
RK-0147,Apartment,Hamburg-Altona,68,4,D,261000,2024-09-16,2024-09-27,11,Agent_32,Active
RK-0148,Apartment,Hamburg-Ottensen,106,4,C,508000,2024-01-06,2024-01-21,15,Agent_16,Sold
RK-0149,Apartment,Hamburg-Eimsbüttel,42,2,C,183000,2025-06-08,2025-06-10,2,Agent_35,Sold
RK-0150,Commercial,Hamburg-Eimsbüttel,267,3,A,1097000,2024-02-15,2024-02-29,14,Agent_25,Active
RK-0151,Apartment,Hamburg-Wandsbek,89,3,A+,369000,2025-11-20,2025-11-23,3,Agent_20,Sold
RK-0152,House,Hamburg-Blankenese,183,5,B,1080000,2025-12-24,2025-12-26,2,Agent_24,Sold
RK-0153,Apartment,Hamburg-Barmbek,57,3,B,236000,2024-12-16,2024-12-31,15,Agent_31,Sold
RK-0154,Commercial,Hamburg-Wandsbek,161,1,B,630000,2024-07-13,2024-08-01,19,Agent_24,Withdrawn
RK-0155,Apartment,Hamburg-Blankenese,119,3,A+,707000,2025-10-20,2025-10-21,1,Agent_10,Sold
RK-0156,House,Hamburg-Barmbek,132,6,B,812000,2025-07-22,2025-08-11,20,Agent_26,Withdrawn
RK-0157,Apartment,Hamburg-Harburg,54,2,A,253000,2025-02-14,2025-03-03,17,Agent_40,Withdrawn
RK-0158,House,Hamburg-Blankenese,172,4,E,970000,2025-06-18,2025-07-06,18,Agent_12,Sold
RK-0159,Commercial,Hamburg-Winterhude,170,3,C,838000,2023-12-27,2024-01-07,11,Agent_20,Sold
RK-0160,Apartment,Hamburg-Wandsbek,80,2,E,305000,2023-12-31,2024-01-12,12,Agent_13,Active
RK-0161,Studio,Hamburg-Altona,23,1,A+,108000,2025-09-03,2025-09-22,19,Agent_44,Sold
RK-0162,Apartment,Hamburg-HafenCity,95,4,C,526000,2024-01-20,2024-02-04,15,Agent_33,Withdrawn
RK-0163,House,Hamburg-Altona,123,5,E,580000,2024-12-09,2024-12-29,20,Agent_24,Sold
RK-0164,Apartment,Hamburg-Eppendorf,105,3,C,588000,2024-10-11,2024-10-21,10,Agent_12,Sold
RK-0165,House,Hamburg-Altona,198,6,B,1257000,2025-04-12,2025-04-22,10,Agent_44,Withdrawn
RK-0166,Apartment,Hamburg-Wandsbek,101,1,C,422000,2025-08-31,2025-09-14,14,Agent_39,Active
RK-0167,House,Hamburg-Eimsbüttel,188,7,D,1187000,2024-06-06,2024-06-11,5,Agent_05,Active
RK-0168,Studio,Hamburg-Barmbek,34,1,B,146000,2025-01-19,2025-01-29,10,Agent_03,Sold
RK-0169,Apartment,Hamburg-Wandsbek,40,3,B,224000,2025-11-01,2025-11-13,12,Agent_01,Active
RK-0170,Apartment,Hamburg-Blankenese,76,2,C,457000,2024-10-14,2024-10-31,17,Agent_44,Withdrawn
RK-0171,Apartment,Hamburg-Winterhude,100,1,A,618000,2025-09-24,2025-10-03,9,Agent_37,Sold
RK-0172,Apartment,Hamburg-Bergedorf,98,2,B,471000,2025-11-07,2025-11-21,14,Agent_12,Sold
RK-0173,House,Hamburg-Altona,225,7,B,1217000,2024-01-24,2024-02-08,15,Agent_43,Sold
RK-0174,Apartment,Hamburg-Ottensen,84,2,A,485000,2025-01-01,2025-01-09,8,Agent_50,Sold
RK-0175,Apartment,Hamburg-Altona,44,4,B,220000,2024-06-30,2024-07-11,11,Agent_10,Sold
RK-0176,Commercial,Hamburg-Eimsbüttel,428,4,C,1492000,2024-11-26,2024-12-10,14,Agent_04,Withdrawn
RK-0177,Commercial,Hamburg-Barmbek,363,5,B,1782000,2025-08-22,2025-08-24,2,Agent_50,Withdrawn
RK-0178,Studio,Hamburg-Winterhude,32,1,C,147000,2025-08-02,2025-08-11,9,Agent_11,Sold
RK-0179,Studio,Hamburg-Wandsbek,38,1,B,208000,2025-04-08,2025-04-26,18,Agent_13,Withdrawn
RK-0180,Apartment,Hamburg-Wandsbek,93,3,C,419000,2024-05-03,2024-05-22,19,Agent_29,Sold
RK-0181,Apartment,Hamburg-Altona,129,3,C,614000,2023-12-26,2024-01-03,8,Agent_48,Active
RK-0182,Apartment,Hamburg-Winterhude,51,2,C,209000,2024-10-04,2024-10-19,15,Agent_44,Sold
RK-0183,Commercial,Hamburg-Ottensen,423,3,E,2104000,2024-01-10,2024-01-21,11,Agent_16,Active
RK-0184,Studio,Hamburg-Winterhude,34,1,B,147000,2024-05-01,2024-05-20,19,Agent_34,Active
RK-0185,Apartment,Hamburg-Eimsbüttel,67,3,F,262000,2025-02-05,2025-02-23,18,Agent_02,Sold
RK-0186,House,Hamburg-Bergedorf,106,6,B,558000,2024-05-31,2024-06-07,7,Agent_49,Withdrawn
RK-0187,Apartment,Hamburg-Harburg,46,4,A+,230000,2024-12-28,2025-01-10,13,Agent_42,Sold
RK-0188,House,Hamburg-Blankenese,236,6,B,1417000,2023-12-31,2024-01-10,10,Agent_08,Active
RK-0189,Commercial,Hamburg-HafenCity,109,3,C,288000,2025-10-27,2025-11-06,10,Agent_33,Active
RK-0190,House,Hamburg-Eppendorf,260,4,C,1264000,2025-03-02,2025-03-07,5,Agent_15,Sold
RK-0191,Apartment,Hamburg-HafenCity,117,3,C,496000,2024-09-08,2024-09-10,2,Agent_35,Sold
RK-0192,Apartment,Hamburg-Winterhude,78,3,D,374000,2024-09-22,2024-10-06,14,Agent_19,Sold
RK-0193,Apartment,Hamburg-Blankenese,75,1,B,311000,2025-11-03,2025-11-06,3,Agent_09,Sold
RK-0194,House,Hamburg-Ottensen,112,5,B,577000,2025-05-19,2025-05-31,12,Agent_27,Sold
RK-0195,House,Hamburg-Barmbek,143,5,C,649000,2024-04-27,2024-05-09,12,Agent_02,Sold
RK-0196,Apartment,Hamburg-Wandsbek,47,3,B,247000,2025-06-26,2025-07-01,5,Agent_13,Sold
RK-0197,Apartment,Hamburg-Winterhude,94,3,C,419000,2025-01-22,2025-02-03,12,Agent_08,Sold
RK-0198,Apartment,Hamburg-Ottensen,44,3,A,223000,2024-12-28,2024-12-29,1,Agent_30,Active
RK-0199,Commercial,Hamburg-Winterhude,347,1,B,1219000,2025-03-29,2025-04-04,6,Agent_34,Active
RK-0200,Apartment,Hamburg-HafenCity,124,2,B,703000,2024-06-24,2024-06-28,4,Agent_18,Sold
RK-0201,House,Hamburg-Bergedorf,159,6,C,746000,2023-12-28,2024-01-12,15,Agent_49,Sold
RK-0202,House,Hamburg-Wandsbek,257,6,B,1886000,2023-12-18,2024-01-07,20,Agent_14,Active
RK-0203,Apartment,Hamburg-Barmbek,74,2,B,415000,2024-09-20,2024-09-22,2,Agent_25,Sold
RK-0204,Apartment,Hamburg-Blankenese,119,3,C,685000,2024-01-12,2024-01-25,13,Agent_34,Sold
RK-0205,Apartment,Hamburg-Winterhude,84,3,C,330000,2025-08-17,2025-08-30,13,Agent_31,Active
RK-0206,House,Hamburg-Eppendorf,192,4,C,1421000,2024-02-10,2024-02-29,19,Agent_31,Active
RK-0207,Apartment,Hamburg-HafenCity,50,3,B,288000,2024-02-10,2024-02-25,15,Agent_09,Active
RK-0208,Apartment,Hamburg-Winterhude,101,2,C,617000,2024-03-04,2024-03-20,16,Agent_33,Active
RK-0209,Apartment,Hamburg-Altona,91,2,A,384000,2024-04-27,2024-05-03,6,Agent_39,Withdrawn
RK-0210,Apartment,Hamburg-Ottensen,46,3,A+,246000,2025-03-25,2025-03-30,5,Agent_22,Sold
RK-0211,Apartment,Hamburg-Ottensen,118,3,D,674000,2025-02-21,2025-02-26,5,Agent_01,Sold
RK-0212,Apartment,Hamburg-Winterhude,84,1,B,358000,2025-04-30,2025-05-11,11,Agent_21,Active
RK-0213,Apartment,Hamburg-Winterhude,73,2,E,321000,2024-08-05,2024-08-14,9,Agent_29,Sold
RK-0214,Studio,Hamburg-Wandsbek,36,1,C,148000,2024-06-23,2024-07-10,17,Agent_09,Sold
RK-0215,Apartment,Hamburg-Blankenese,49,4,E,298000,2024-09-29,2024-10-10,11,Agent_34,Sold
RK-0216,House,Hamburg-HafenCity,186,5,C,1249000,2025-07-22,2025-08-03,12,Agent_01,Active
RK-0217,Apartment,Hamburg-Winterhude,82,3,D,345000,2025-04-10,2025-04-27,17,Agent_05,Sold
RK-0218,Apartment,Hamburg-Eppendorf,50,4,B,252000,2025-01-06,2025-01-25,19,Agent_28,Active
RK-0219,House,Hamburg-St. Pauli,195,4,E,1245000,2025-06-18,2025-07-03,15,Agent_32,Sold
RK-0220,Apartment,Hamburg-Wandsbek,112,2,C,533000,2025-07-10,2025-07-14,4,Agent_04,Sold
RK-0221,Apartment,Hamburg-Ottensen,49,3,E,218000,2025-04-30,2025-05-02,2,Agent_13,Sold
RK-0222,House,Hamburg-Blankenese,110,4,C,717000,2025-01-27,2025-02-05,9,Agent_25,Sold
RK-0223,House,Hamburg-Eppendorf,121,4,E,751000,2025-12-13,2025-12-25,12,Agent_32,Sold
RK-0224,Apartment,Hamburg-Altona,71,2,C,272000,2025-04-29,2025-05-11,12,Agent_41,Active
RK-0225,Studio,Hamburg-St. Pauli,33,1,A,178000,2024-08-18,2024-08-25,7,Agent_23,Sold
RK-0226,Commercial,Hamburg-Altona,404,4,B,1321000,2025-06-09,2025-06-24,15,Agent_27,Sold
RK-0227,Commercial,Hamburg-Barmbek,337,3,C,1674000,2025-11-30,2025-12-01,1,Agent_03,Sold
RK-0228,Penthouse,Hamburg-Blankenese,114,4,B,813000,2024-05-05,2024-05-15,10,Agent_16,Sold
RK-0229,Studio,Hamburg-Harburg,27,1,B,149000,2024-08-01,2024-08-11,10,Agent_34,Sold
RK-0230,Commercial,Hamburg-Barmbek,278,3,D,1295000,2024-01-04,2024-01-13,9,Agent_36,Sold
RK-0231,Commercial,Hamburg-Bergedorf,73,1,B,312000,2024-02-20,2024-03-10,19,Agent_37,Sold
RK-0232,House,Hamburg-Ottensen,123,4,A+,913000,2025-04-05,2025-04-13,8,Agent_39,Active
RK-0233,Apartment,Hamburg-Bergedorf,84,1,C,363000,2025-05-24,2025-05-29,5,Agent_16,Sold
RK-0234,House,Hamburg-Eppendorf,261,5,A,1602000,2024-05-19,2024-06-07,19,Agent_49,Sold
RK-0235,Commercial,Hamburg-HafenCity,176,4,D,804000,2025-02-22,2025-03-07,13,Agent_36,Active
RK-0236,Apartment,Hamburg-Eimsbüttel,86,4,C,414000,2024-04-14,2024-04-27,13,Agent_33,Sold
RK-0237,Apartment,Hamburg-Wandsbek,54,3,F,320000,2024-04-22,2024-05-03,11,Agent_39,Active
RK-0238,House,Hamburg-Barmbek,237,5,B,1226000,2025-08-24,2025-09-10,17,Agent_30,Sold
RK-0239,Apartment,Hamburg-Eimsbüttel,58,2,C,274000,2025-07-29,2025-08-03,5,Agent_20,Withdrawn
RK-0240,House,Hamburg-Eimsbüttel,189,4,D,1321000,2024-10-03,2024-10-21,18,Agent_35,Active
RK-0241,Apartment,Hamburg-Wandsbek,85,3,F,339000,2025-07-02,2025-07-22,20,Agent_24,Active
RK-0242,Apartment,Hamburg-Barmbek,69,1,C,324000,2024-05-28,2024-06-11,14,Agent_10,Sold
RK-0243,Apartment,Hamburg-Bergedorf,112,3,C,618000,2025-08-21,2025-09-10,20,Agent_18,Sold
RK-0244,Apartment,Hamburg-Blankenese,46,1,C,240000,2025-10-22,2025-11-02,11,Agent_20,Withdrawn
RK-0245,Apartment,Hamburg-Eppendorf,53,3,D,327000,2024-01-03,2024-01-21,18,Agent_05,Active
RK-0246,Apartment,Hamburg-Altona,128,4,D,734000,2025-03-11,2025-03-20,9,Agent_33,Sold
RK-0247,Apartment,Hamburg-Bergedorf,125,3,C,549000,2025-10-23,2025-10-25,2,Agent_28,Sold
RK-0248,House,Hamburg-Ottensen,197,4,A,866000,2025-08-31,2025-09-01,1,Agent_10,Sold
RK-0249,Apartment,Hamburg-St. Pauli,113,3,A,644000,2025-03-03,2025-03-10,7,Agent_22,Sold
RK-0250,Commercial,Hamburg-HafenCity,197,3,E,833000,2024-08-13,2024-08-30,17,Agent_32,Sold
RK-0251,Commercial,Hamburg-Harburg,431,5,E,1994000,2025-12-06,2025-12-26,20,Agent_28,Sold
RK-0252,Commercial,Hamburg-St. Pauli,428,2,C,1833000,2024-09-07,2024-09-10,3,Agent_08,Sold
RK-0253,Apartment,Hamburg-Eppendorf,91,3,B,455000,2025-02-11,2025-03-02,19,Agent_05,Active
RK-0254,Apartment,Hamburg-Blankenese,80,3,C,376000,2025-06-27,2025-07-12,15,Agent_48,Sold
RK-0255,House,Hamburg-Blankenese,229,5,C,1519000,2024-08-28,2024-09-15,18,Agent_43,Sold
RK-0256,Apartment,Hamburg-Winterhude,47,4,D,269000,2025-11-07,2025-11-18,11,Agent_37,Withdrawn
RK-0257,Commercial,Hamburg-HafenCity,196,4,A,868000,2024-01-15,2024-01-16,1,Agent_45,Sold
RK-0258,Apartment,Hamburg-Eppendorf,67,4,C,372000,2025-07-19,2025-07-24,5,Agent_25,Sold
RK-0259,Penthouse,Hamburg-Barmbek,94,5,D,589000,2024-12-31,2025-01-06,6,Agent_50,Sold
RK-0260,Apartment,Hamburg-Bergedorf,86,3,B,434000,2024-04-28,2024-05-10,12,Agent_28,Active
RK-0261,Apartment,Hamburg-Altona,72,2,D,397000,2025-06-20,2025-06-29,9,Agent_47,Sold
RK-0262,House,Hamburg-Eppendorf,249,6,A+,1710000,2025-09-27,2025-10-12,15,Agent_27,Sold
RK-0263,Apartment,Hamburg-St. Pauli,79,1,F,385000,2025-03-20,2025-03-29,9,Agent_20,Active
RK-0264,Apartment,Hamburg-Winterhude,106,3,E,609000,2024-05-19,2024-05-22,3,Agent_46,Withdrawn
RK-0265,Commercial,Hamburg-Barmbek,414,4,C,1384000,2024-07-07,2024-07-25,18,Agent_33,Sold
RK-0266,Apartment,Hamburg-Harburg,85,3,C,366000,2025-11-29,2025-12-02,3,Agent_19,Active
RK-0267,House,Hamburg-Bergedorf,253,7,C,1230000,2024-03-09,2024-03-23,14,Agent_03,Sold
RK-0268,Studio,Hamburg-Winterhude,33,1,A,168000,2024-02-23,2024-03-13,19,Agent_47,Sold
RK-0269,House,Hamburg-Harburg,267,4,A,1192000,2024-11-14,2024-11-15,1,Agent_25,Active
RK-0270,House,Hamburg-Barmbek,140,4,E,597000,2025-05-19,2025-05-28,9,Agent_46,Active
RK-0271,Apartment,Hamburg-Altona,101,3,C,555000,2024-09-21,2024-09-24,3,Agent_11,Sold
RK-0272,Apartment,Hamburg-Eppendorf,106,3,D,619000,2024-07-10,2024-07-19,9,Agent_04,Withdrawn
RK-0273,House,Hamburg-Wandsbek,144,6,B,813000,2024-11-15,2024-11-27,12,Agent_46,Active
RK-0274,Apartment,Hamburg-HafenCity,60,3,C,337000,2025-04-30,2025-05-19,19,Agent_04,Active
RK-0275,Apartment,Hamburg-HafenCity,84,4,F,446000,2024-07-10,2024-07-12,2,Agent_27,Active
RK-0276,Apartment,Hamburg-Bergedorf,125,2,E,717000,2025-07-14,2025-07-26,12,Agent_06,Active
RK-0277,Apartment,Hamburg-Winterhude,96,2,B,448000,2025-02-13,2025-02-27,14,Agent_35,Sold
RK-0278,Apartment,Hamburg-Bergedorf,85,1,C,422000,2025-06-18,2025-07-08,20,Agent_33,Sold
RK-0279,Apartment,Hamburg-Wandsbek,93,4,D,521000,2024-12-04,2024-12-09,5,Agent_49,Sold
RK-0280,Penthouse,Hamburg-Eppendorf,144,5,C,921000,2025-11-23,2025-12-04,11,Agent_46,Withdrawn
RK-0281,Apartment,Hamburg-Eimsbüttel,79,3,D,346000,2025-03-18,2025-03-31,13,Agent_12,Withdrawn
RK-0282,Commercial,Hamburg-HafenCity,67,1,A+,225000,2024-06-09,2024-06-22,13,Agent_47,Withdrawn
RK-0283,Apartment,Hamburg-St. Pauli,107,2,C,451000,2025-08-11,2025-08-16,5,Agent_19,Withdrawn
RK-0284,Apartment,Hamburg-Eppendorf,54,3,C,302000,2024-04-04,2024-04-14,10,Agent_02,Active
RK-0285,House,Hamburg-Ottensen,217,4,E,1251000,2024-03-18,2024-03-24,6,Agent_27,Active
RK-0286,House,Hamburg-HafenCity,139,6,C,621000,2025-02-11,2025-02-22,11,Agent_01,Active
RK-0287,Apartment,Hamburg-Ottensen,88,2,C,460000,2025-05-13,2025-05-19,6,Agent_28,Sold
RK-0288,House,Hamburg-Eppendorf,218,5,C,1356000,2025-09-13,2025-09-25,12,Agent_34,Sold
RK-0289,Commercial,Hamburg-Blankenese,82,3,B,372000,2024-04-23,2024-04-27,4,Agent_33,Active
RK-0290,Apartment,Hamburg-Eppendorf,107,1,A+,496000,2024-06-26,2024-07-11,15,Agent_20,Sold
RK-0291,House,Hamburg-Barmbek,270,5,D,1168000,2025-01-12,2025-01-29,17,Agent_49,Sold
RK-0292,Commercial,Hamburg-Altona,499,4,C,1663000,2024-01-27,2024-01-31,4,Agent_49,Active
RK-0293,House,Hamburg-Bergedorf,174,4,B,936000,2025-02-22,2025-03-05,11,Agent_27,Sold
RK-0294,Apartment,Hamburg-St. Pauli,69,2,B,412000,2024-04-29,2024-05-04,5,Agent_42,Withdrawn
RK-0295,House,Hamburg-Barmbek,212,4,C,903000,2025-02-14,2025-03-06,20,Agent_17,Active
RK-0296,House,Hamburg-Bergedorf,261,4,D,1310000,2024-12-25,2025-01-13,19,Agent_03,Sold
RK-0297,Apartment,Hamburg-HafenCity,124,2,C,596000,2025-06-04,2025-06-16,12,Agent_11,Active
RK-0298,House,Hamburg-Eppendorf,224,5,E,1195000,2024-05-14,2024-05-18,4,Agent_17,Sold
RK-0299,House,Hamburg-Ottensen,118,4,C,799000,2024-10-05,2024-10-10,5,Agent_17,Active
RK-0300,Studio,Hamburg-St. Pauli,40,1,A+,236000,2024-09-10,2024-09-23,13,Agent_47,Sold
RK-0301,House,Hamburg-Eimsbüttel,104,6,E,545000,2025-06-29,2025-07-11,12,Agent_06,Sold
RK-0302,Apartment,Hamburg-Eimsbüttel,91,4,C,409000,2024-08-09,2024-08-15,6,Agent_11,Sold
RK-0303,House,Hamburg-Winterhude,278,6,D,1190000,2025-08-07,2025-08-26,19,Agent_47,Sold
RK-0304,Studio,Hamburg-Blankenese,27,1,A,111000,2024-11-15,2024-12-02,17,Agent_33,Withdrawn
RK-0305,Apartment,Hamburg-Barmbek,52,4,C,287000,2024-09-27,2024-10-13,16,Agent_50,Sold
RK-0306,House,Hamburg-Blankenese,141,5,D,631000,2024-07-20,2024-07-22,2,Agent_41,Sold
RK-0307,Commercial,Hamburg-HafenCity,222,3,A+,1068000,2024-04-14,2024-04-22,8,Agent_07,Sold
RK-0308,House,Hamburg-Eimsbüttel,242,4,D,1444000,2025-10-04,2025-10-09,5,Agent_09,Sold
RK-0309,Apartment,Hamburg-Blankenese,48,3,A,202000,2024-12-12,2024-12-23,11,Agent_35,Sold
RK-0310,Studio,Hamburg-Altona,21,1,A,85000,2025-07-07,2025-07-26,19,Agent_38,Sold
RK-0311,Commercial,Hamburg-St. Pauli,203,4,E,988000,2025-03-12,2025-03-25,13,Agent_47,Sold
RK-0312,Apartment,Hamburg-Ottensen,94,4,A+,506000,2024-10-30,2024-11-16,17,Agent_41,Active
RK-0313,Apartment,Hamburg-Winterhude,64,2,C,396000,2024-06-21,2024-07-01,10,Agent_10,Active
RK-0314,House,Hamburg-Winterhude,113,5,A,589000,2024-02-07,2024-02-22,15,Agent_22,Sold
RK-0315,Apartment,Hamburg-St. Pauli,70,2,C,325000,2024-12-08,2024-12-19,11,Agent_41,Active
RK-0316,Apartment,Hamburg-Wandsbek,65,3,B,399000,2024-07-09,2024-07-27,18,Agent_08,Withdrawn
RK-0317,Apartment,Hamburg-Altona,67,2,B,365000,2025-10-11,2025-10-20,9,Agent_27,Sold
RK-0318,Penthouse,Hamburg-Eimsbüttel,102,4,C,632000,2025-09-03,2025-09-15,12,Agent_37,Sold
RK-0319,Apartment,Hamburg-Ottensen,128,3,F,602000,2024-06-12,2024-06-23,11,Agent_13,Sold
RK-0320,Studio,Hamburg-Winterhude,34,1,D,163000,2025-08-19,2025-08-28,9,Agent_21,Sold
RK-0321,Apartment,Hamburg-Altona,87,2,C,420000,2025-07-03,2025-07-06,3,Agent_47,Sold
RK-0322,Apartment,Hamburg-Altona,110,3,B,666000,2025-01-27,2025-01-31,4,Agent_31,Sold
RK-0323,Apartment,Hamburg-Wandsbek,95,3,A,539000,2024-06-08,2024-06-21,13,Agent_34,Sold
RK-0324,House,Hamburg-Winterhude,127,7,A,653000,2024-05-20,2024-05-28,8,Agent_01,Active
RK-0325,House,Hamburg-Ottensen,148,4,C,869000,2025-07-06,2025-07-18,12,Agent_47,Active
RK-0326,Penthouse,Hamburg-Wandsbek,91,3,D,811000,2025-01-22,2025-02-01,10,Agent_35,Sold
RK-0327,Penthouse,Hamburg-Winterhude,113,4,C,956000,2025-01-06,2025-01-12,6,Agent_01,Active
RK-0328,Apartment,Hamburg-Wandsbek,97,4,A,534000,2025-11-14,2025-11-29,15,Agent_30,Active
RK-0329,Apartment,Hamburg-Ottensen,64,3,C,375000,2025-05-26,2025-06-11,16,Agent_43,Withdrawn
RK-0330,Commercial,Hamburg-Barmbek,219,3,B,597000,2025-12-21,2025-12-29,8,Agent_45,Withdrawn
RK-0331,House,Hamburg-St. Pauli,256,4,A,1705000,2024-07-08,2024-07-23,15,Agent_23,Withdrawn
RK-0332,Studio,Hamburg-Harburg,24,1,F,140000,2025-08-10,2025-08-30,20,Agent_50,Active
RK-0333,Apartment,Hamburg-Eppendorf,98,3,A,375000,2024-01-15,2024-01-25,10,Agent_45,Sold
RK-0334,House,Hamburg-Blankenese,194,6,D,910000,2024-02-03,2024-02-18,15,Agent_38,Sold
RK-0335,Apartment,Hamburg-Harburg,85,1,A+,474000,2023-12-16,2024-01-05,20,Agent_41,Sold
RK-0336,Apartment,Hamburg-Barmbek,54,2,B,267000,2024-09-19,2024-10-03,14,Agent_05,Sold
RK-0337,Apartment,Hamburg-Blankenese,113,2,B,628000,2023-12-28,2024-01-03,6,Agent_29,Active
RK-0338,Commercial,Hamburg-St. Pauli,299,3,C,1459000,2024-02-08,2024-02-19,11,Agent_31,Active
RK-0339,House,Hamburg-Ottensen,147,5,C,1082000,2025-03-09,2025-03-21,12,Agent_11,Sold
RK-0340,Apartment,Hamburg-Harburg,121,4,B,615000,2025-08-23,2025-09-11,19,Agent_29,Sold
RK-0341,Apartment,Hamburg-Blankenese,119,4,D,603000,2025-05-21,2025-06-03,13,Agent_42,Sold
RK-0342,Apartment,Hamburg-Barmbek,82,3,C,327000,2025-07-31,2025-08-18,18,Agent_22,Sold
RK-0343,Commercial,Hamburg-Altona,215,2,C,1014000,2025-12-18,2025-12-28,10,Agent_40,Sold
RK-0344,Apartment,Hamburg-Wandsbek,66,1,B,361000,2024-06-11,2024-06-21,10,Agent_36,Withdrawn
RK-0345,Studio,Hamburg-Eppendorf,20,1,B,114000,2025-08-16,2025-08-23,7,Agent_49,Sold
RK-0346,Penthouse,Hamburg-Winterhude,192,4,B,1683000,2023-12-30,2024-01-17,18,Agent_45,Sold
RK-0347,Apartment,Hamburg-Bergedorf,104,2,D,411000,2025-01-18,2025-02-07,20,Agent_23,Sold
RK-0348,Apartment,Hamburg-Blankenese,104,2,C,579000,2025-07-28,2025-08-02,5,Agent_11,Sold
RK-0349,Commercial,Hamburg-Bergedorf,462,5,E,1478000,2024-07-02,2024-07-17,15,Agent_07,Sold
RK-0350,Commercial,Hamburg-Blankenese,421,4,B,1651000,2025-09-06,2025-09-19,13,Agent_29,Sold
RK-0351,Commercial,Hamburg-Eimsbüttel,471,1,C,1401000,2024-09-24,2024-09-27,3,Agent_37,Sold
RK-0352,Commercial,Hamburg-Eppendorf,248,4,C,866000,2025-06-09,2025-06-19,10,Agent_04,Sold
RK-0353,Apartment,Hamburg-Ottensen,62,4,D,289000,2024-09-01,2024-09-10,9,Agent_06,Active
RK-0354,Apartment,Hamburg-Winterhude,124,2,F,662000,2024-12-30,2025-01-18,19,Agent_22,Active
RK-0355,House,Hamburg-Harburg,268,6,B,1621000,2024-10-27,2024-11-01,5,Agent_25,Active
RK-0356,Apartment,Hamburg-Harburg,86,4,C,417000,2024-07-23,2024-07-31,8,Agent_49,Sold
RK-0357,Apartment,Hamburg-Wandsbek,73,3,B,315000,2025-10-02,2025-10-12,10,Agent_22,Withdrawn
RK-0358,House,Hamburg-Eimsbüttel,222,6,E,1637000,2024-06-20,2024-07-09,19,Agent_36,Sold
RK-0359,House,Hamburg-Bergedorf,195,4,D,1456000,2023-12-17,2024-01-01,15,Agent_23,Withdrawn
RK-0360,Apartment,Hamburg-Winterhude,80,2,B,397000,2025-07-29,2025-08-04,6,Agent_20,Active
RK-0361,Commercial,Hamburg-Eppendorf,427,5,C,2020000,2024-07-09,2024-07-10,1,Agent_17,Sold
RK-0362,Apartment,Hamburg-Blankenese,107,2,D,498000,2024-01-23,2024-02-12,20,Agent_35,Sold
RK-0363,Commercial,Hamburg-Ottensen,306,4,D,1041000,2024-05-28,2024-06-16,19,Agent_01,Withdrawn
RK-0364,Apartment,Hamburg-Bergedorf,103,3,D,459000,2025-11-30,2025-12-16,16,Agent_43,Sold
RK-0365,House,Hamburg-HafenCity,101,6,B,513000,2024-11-03,2024-11-08,5,Agent_08,Withdrawn
RK-0366,Commercial,Hamburg-St. Pauli,142,3,B,530000,2025-04-28,2025-05-14,16,Agent_08,Active
RK-0367,Apartment,Hamburg-Ottensen,44,2,A,230000,2024-04-01,2024-04-06,5,Agent_28,Sold
RK-0368,Apartment,Hamburg-Eimsbüttel,58,3,C,306000,2025-07-05,2025-07-12,7,Agent_04,Sold
RK-0369,House,Hamburg-Blankenese,113,6,B,489000,2025-04-01,2025-04-21,20,Agent_29,Sold
RK-0370,Studio,Hamburg-St. Pauli,29,1,C,116000,2024-11-11,2024-11-17,6,Agent_05,Sold
RK-0371,House,Hamburg-Bergedorf,268,4,C,1584000,2024-07-15,2024-07-22,7,Agent_03,Sold
RK-0372,House,Hamburg-Harburg,123,6,A,519000,2024-05-22,2024-06-02,11,Agent_39,Withdrawn
RK-0373,Apartment,Hamburg-Altona,93,3,B,391000,2025-08-15,2025-08-18,3,Agent_47,Active
RK-0374,Studio,Hamburg-Barmbek,34,1,B,180000,2024-03-12,2024-03-13,1,Agent_32,Active
RK-0375,House,Hamburg-Harburg,256,4,D,1752000,2024-05-23,2024-06-02,10,Agent_15,Withdrawn
RK-0376,Apartment,Hamburg-Winterhude,61,3,E,233000,2024-10-09,2024-10-10,1,Agent_49,Sold
RK-0377,Studio,Hamburg-Bergedorf,29,1,D,158000,2024-02-29,2024-03-13,13,Agent_46,Active
RK-0378,House,Hamburg-Wandsbek,173,4,C,1090000,2025-11-17,2025-11-20,3,Agent_21,Active
RK-0379,Apartment,Hamburg-Altona,112,3,D,568000,2024-02-03,2024-02-12,9,Agent_42,Active
RK-0380,Apartment,Hamburg-Ottensen,62,1,A,326000,2024-02-15,2024-02-16,1,Agent_46,Withdrawn
RK-0381,Apartment,Hamburg-Altona,89,3,B,457000,2024-05-29,2024-06-09,11,Agent_16,Sold
RK-0382,Penthouse,Hamburg-Bergedorf,108,4,C,904000,2025-07-28,2025-08-11,14,Agent_03,Active
RK-0383,Studio,Hamburg-Wandsbek,27,1,B,127000,2025-04-28,2025-05-08,10,Agent_17,Sold
RK-0384,Apartment,Hamburg-Blankenese,99,2,D,546000,2025-06-23,2025-07-02,9,Agent_18,Sold
RK-0385,Penthouse,Hamburg-Ottensen,149,5,D,995000,2025-02-05,2025-02-23,18,Agent_43,Sold
RK-0386,House,Hamburg-Barmbek,238,5,A+,1292000,2024-07-25,2024-08-01,7,Agent_43,Active
RK-0387,Apartment,Hamburg-Barmbek,42,3,A,234000,2024-04-29,2024-04-30,1,Agent_38,Sold
RK-0388,Commercial,Hamburg-Winterhude,407,5,C,1116000,2025-03-27,2025-03-30,3,Agent_45,Sold
RK-0389,Apartment,Hamburg-Wandsbek,51,2,D,314000,2025-05-29,2025-06-18,20,Agent_24,Active
RK-0390,Commercial,Hamburg-Eimsbüttel,448,4,B,1398000,2024-06-15,2024-06-25,10,Agent_39,Withdrawn
RK-0391,Apartment,Hamburg-HafenCity,74,2,C,452000,2025-02-12,2025-03-01,17,Agent_12,Sold
RK-0392,Apartment,Hamburg-Winterhude,112,2,B,616000,2025-08-08,2025-08-21,13,Agent_32,Active
RK-0393,Apartment,Hamburg-Barmbek,124,3,C,551000,2025-08-24,2025-09-11,18,Agent_30,Sold
RK-0394,Apartment,Hamburg-Altona,71,4,C,315000,2025-09-26,2025-10-11,15,Agent_36,Sold
RK-0395,Apartment,Hamburg-Blankenese,86,2,C,339000,2024-04-12,2024-04-27,15,Agent_28,Sold
RK-0396,Apartment,Hamburg-Bergedorf,101,4,B,610000,2024-11-17,2024-11-25,8,Agent_47,Sold
RK-0397,Apartment,Hamburg-Ottensen,40,3,A,162000,2024-07-07,2024-07-23,16,Agent_49,Sold
RK-0398,Apartment,Hamburg-HafenCity,65,3,D,331000,2024-11-03,2024-11-20,17,Agent_03,Withdrawn
RK-0399,Commercial,Hamburg-Ottensen,121,1,B,571000,2025-06-17,2025-06-20,3,Agent_15,Sold
RK-0400,Penthouse,Hamburg-Eppendorf,143,4,A,1241000,2024-03-17,2024-04-02,16,Agent_41,Active
RK-0401,House,Hamburg-Harburg,256,4,A,1321000,2025-02-17,2025-03-04,15,Agent_03,Sold
RK-0402,Commercial,Hamburg-Winterhude,494,2,C,2338000,2024-10-03,2024-10-18,15,Agent_28,Active
RK-0403,Apartment,Hamburg-Eppendorf,84,4,B,364000,2024-07-29,2024-08-08,10,Agent_29,Sold
RK-0404,Apartment,Hamburg-Bergedorf,98,3,B,435000,2025-05-01,2025-05-21,20,Agent_11,Withdrawn
RK-0405,Apartment,Hamburg-Wandsbek,41,3,C,254000,2025-10-30,2025-11-01,2,Agent_15,Sold
RK-0406,House,Hamburg-Eppendorf,211,6,C,1488000,2025-04-04,2025-04-24,20,Agent_17,Sold
RK-0407,House,Hamburg-Bergedorf,170,6,E,1214000,2024-08-01,2024-08-07,6,Agent_29,Sold
RK-0408,House,Hamburg-Bergedorf,163,6,C,764000,2025-04-19,2025-04-29,10,Agent_12,Sold
RK-0409,Apartment,Hamburg-St. Pauli,98,2,D,466000,2025-01-08,2025-01-20,12,Agent_10,Sold
RK-0410,House,Hamburg-Wandsbek,277,5,B,1401000,2025-10-02,2025-10-19,17,Agent_38,Withdrawn
RK-0411,House,Hamburg-Harburg,228,5,C,1417000,2024-05-21,2024-06-04,14,Agent_13,Active
RK-0412,House,Hamburg-St. Pauli,231,5,B,1648000,2024-11-30,2024-12-05,5,Agent_20,Active
RK-0413,Apartment,Hamburg-Ottensen,61,1,C,256000,2025-08-27,2025-08-30,3,Agent_15,Withdrawn
RK-0414,Commercial,Hamburg-Altona,276,3,D,815000,2024-03-31,2024-04-13,13,Agent_38,Active
RK-0415,House,Hamburg-Harburg,137,4,B,805000,2024-10-15,2024-10-25,10,Agent_03,Active
RK-0416,Apartment,Hamburg-Barmbek,74,1,A+,318000,2025-05-06,2025-05-22,16,Agent_35,Sold
RK-0417,House,Hamburg-Ottensen,199,4,E,1284000,2024-08-19,2024-08-22,3,Agent_03,Sold
RK-0418,House,Hamburg-Harburg,160,5,C,675000,2025-11-11,2025-11-13,2,Agent_10,Sold
RK-0419,Commercial,Hamburg-Winterhude,198,2,E,760000,2025-07-04,2025-07-16,12,Agent_50,Sold
RK-0420,Studio,Hamburg-Harburg,33,1,C,189000,2024-10-03,2024-10-14,11,Agent_18,Sold
RK-0421,Studio,Hamburg-Wandsbek,40,1,A,198000,2025-09-27,2025-10-06,9,Agent_25,Sold
RK-0422,House,Hamburg-Barmbek,170,5,C,999000,2025-08-26,2025-09-07,12,Agent_22,Sold
RK-0423,Studio,Hamburg-HafenCity,37,1,B,201000,2025-02-21,2025-03-09,16,Agent_33,Sold
RK-0424,Apartment,Hamburg-Altona,59,4,C,229000,2024-03-21,2024-04-03,13,Agent_13,Active
RK-0425,Studio,Hamburg-Blankenese,30,1,B,180000,2024-05-09,2024-05-29,20,Agent_08,Withdrawn
RK-0426,House,Hamburg-Harburg,243,6,E,1451000,2025-05-17,2025-06-02,16,Agent_45,Active
RK-0427,House,Hamburg-Bergedorf,187,6,C,990000,2024-06-07,2024-06-27,20,Agent_37,Sold
RK-0428,House,Hamburg-Eimsbüttel,194,6,C,1283000,2024-09-25,2024-10-02,7,Agent_12,Withdrawn
RK-0429,Apartment,Hamburg-Altona,50,3,B,245000,2024-12-27,2024-12-29,2,Agent_20,Active
RK-0430,Apartment,Hamburg-Blankenese,123,4,B,718000,2025-07-29,2025-08-06,8,Agent_44,Active
RK-0431,House,Hamburg-Eimsbüttel,192,4,B,1014000,2025-10-04,2025-10-11,7,Agent_28,Sold
RK-0432,Studio,Hamburg-Blankenese,41,1,B,227000,2024-07-23,2024-08-10,18,Agent_38,Active
RK-0433,Apartment,Hamburg-Bergedorf,50,3,C,297000,2024-07-03,2024-07-08,5,Agent_38,Active
RK-0434,House,Hamburg-Bergedorf,211,4,D,1174000,2024-05-23,2024-05-24,1,Agent_31,Active
RK-0435,Apartment,Hamburg-Blankenese,48,2,C,236000,2025-10-31,2025-11-18,18,Agent_12,Active
RK-0436,Apartment,Hamburg-Wandsbek,78,3,C,299000,2025-10-03,2025-10-21,18,Agent_13,Sold
RK-0437,Commercial,Hamburg-HafenCity,386,1,C,1052000,2024-01-30,2024-02-17,18,Agent_16,Sold
RK-0438,House,Hamburg-Wandsbek,240,6,C,1496000,2024-08-10,2024-08-16,6,Agent_19,Withdrawn
RK-0439,Apartment,Hamburg-Blankenese,78,4,B,429000,2024-06-29,2024-07-05,6,Agent_38,Active
RK-0440,Apartment,Hamburg-Eppendorf,119,2,E,725000,2024-03-06,2024-03-12,6,Agent_14,Withdrawn
RK-0441,Apartment,Hamburg-Wandsbek,98,4,B,498000,2025-11-12,2025-12-02,20,Agent_25,Sold
RK-0442,House,Hamburg-Eimsbüttel,226,4,C,1068000,2025-06-30,2025-07-10,10,Agent_50,Sold
RK-0443,Apartment,Hamburg-Blankenese,40,2,E,206000,2024-04-04,2024-04-18,14,Agent_08,Sold
RK-0444,House,Hamburg-HafenCity,255,6,E,1297000,2023-12-15,2024-01-02,18,Agent_17,Sold
RK-0445,House,Hamburg-Blankenese,181,4,B,1123000,2025-08-12,2025-08-28,16,Agent_17,Sold
RK-0446,Apartment,Hamburg-Barmbek,92,1,F,507000,2025-01-31,2025-02-20,20,Agent_09,Sold
RK-0447,Commercial,Hamburg-Wandsbek,267,1,C,1150000,2024-05-18,2024-05-19,1,Agent_45,Active
RK-0448,Apartment,Hamburg-Eimsbüttel,104,3,B,487000,2024-05-11,2024-05-18,7,Agent_43,Sold
RK-0449,Commercial,Hamburg-Wandsbek,483,2,B,1504000,2025-04-18,2025-05-07,19,Agent_08,Sold
RK-0450,Apartment,Hamburg-St. Pauli,60,4,C,293000,2024-03-25,2024-04-13,19,Agent_39,Sold
RK-0451,Apartment,Hamburg-Barmbek,67,4,B,274000,2024-12-16,2025-01-05,20,Agent_04,Active
RK-0452,Studio,Hamburg-Winterhude,39,1,C,218000,2024-09-27,2024-10-14,17,Agent_41,Withdrawn
RK-0453,Apartment,Hamburg-Eimsbüttel,95,3,E,446000,2024-07-12,2024-07-28,16,Agent_40,Active
RK-0454,Apartment,Hamburg-Blankenese,43,2,C,203000,2024-05-01,2024-05-16,15,Agent_16,Active
RK-0455,Studio,Hamburg-Bergedorf,44,1,C,243000,2025-07-22,2025-08-01,10,Agent_09,Active
RK-0456,Apartment,Hamburg-Eppendorf,63,4,B,364000,2024-09-23,2024-10-09,16,Agent_49,Sold
RK-0457,Apartment,Hamburg-HafenCity,73,4,A,309000,2024-05-15,2024-05-19,4,Agent_23,Sold
RK-0458,House,Hamburg-Ottensen,230,5,D,1192000,2025-02-16,2025-03-08,20,Agent_22,Sold
RK-0459,Apartment,Hamburg-Eimsbüttel,54,4,A+,256000,2024-10-23,2024-10-28,5,Agent_06,Active
RK-0460,Apartment,Hamburg-Eppendorf,57,2,C,259000,2025-12-18,2025-12-26,8,Agent_23,Sold
RK-0461,Studio,Hamburg-Ottensen,27,1,C,122000,2024-07-16,2024-07-21,5,Agent_45,Active
RK-0462,Studio,Hamburg-Eimsbüttel,24,1,C,110000,2025-07-08,2025-07-24,16,Agent_02,Sold
RK-0463,Commercial,Hamburg-Bergedorf,167,4,D,689000,2025-12-09,2025-12-17,8,Agent_28,Active
RK-0464,Commercial,Hamburg-St. Pauli,243,2,C,916000,2025-06-06,2025-06-26,20,Agent_25,Active
RK-0465,Studio,Hamburg-Ottensen,20,1,D,117000,2024-06-29,2024-07-09,10,Agent_42,Active
RK-0466,Penthouse,Hamburg-Barmbek,169,4,C,1320000,2025-05-30,2025-06-12,13,Agent_17,Sold
RK-0467,Commercial,Hamburg-Ottensen,425,5,B,1340000,2025-05-10,2025-05-23,13,Agent_49,Active
RK-0468,House,Hamburg-Bergedorf,157,6,C,1176000,2024-01-11,2024-01-26,15,Agent_05,Active
RK-0469,House,Hamburg-HafenCity,245,5,C,1341000,2025-05-26,2025-06-09,14,Agent_13,Active
RK-0470,House,Hamburg-Bergedorf,262,4,D,1608000,2025-08-31,2025-09-03,3,Agent_32,Sold
RK-0471,House,Hamburg-Winterhude,244,6,C,1287000,2024-03-02,2024-03-05,3,Agent_32,Sold
RK-0472,House,Hamburg-Winterhude,211,4,C,1318000,2024-06-19,2024-07-05,16,Agent_28,Active
RK-0473,Penthouse,Hamburg-Altona,120,3,E,736000,2024-06-10,2024-06-19,9,Agent_39,Withdrawn
RK-0474,Penthouse,Hamburg-Altona,195,4,C,1725000,2025-03-27,2025-04-02,6,Agent_18,Sold
RK-0475,House,Hamburg-St. Pauli,270,6,B,1866000,2025-03-22,2025-03-28,6,Agent_46,Withdrawn
RK-0476,Apartment,Hamburg-Bergedorf,57,2,C,326000,2025-08-21,2025-08-30,9,Agent_37,Sold
RK-0477,Apartment,Hamburg-Eimsbüttel,106,4,D,489000,2025-01-31,2025-02-04,4,Agent_04,Sold
RK-0478,House,Hamburg-HafenCity,134,7,C,857000,2025-05-20,2025-05-29,9,Agent_12,Sold
RK-0479,Apartment,Hamburg-Winterhude,112,2,C,549000,2024-04-19,2024-05-04,15,Agent_05,Sold
RK-0480,Apartment,Hamburg-Eppendorf,64,3,C,308000,2025-04-29,2025-05-08,9,Agent_25,Active
RK-0481,Apartment,Hamburg-St. Pauli,50,4,A+,224000,2025-04-30,2025-05-17,17,Agent_02,Withdrawn
RK-0482,Apartment,Hamburg-Wandsbek,55,3,D,294000,2025-04-11,2025-04-27,16,Agent_06,Sold
RK-0483,Apartment,Hamburg-HafenCity,115,2,A,658000,2025-09-18,2025-10-03,15,Agent_08,Sold
RK-0484,Apartment,Hamburg-Ottensen,51,3,A,195000,2024-02-15,2024-03-03,17,Agent_36,Active
RK-0485,Apartment,Hamburg-Bergedorf,86,4,C,406000,2025-10-08,2025-10-24,16,Agent_14,Withdrawn
RK-0486,Commercial,Hamburg-Bergedorf,344,3,B,938000,2025-02-20,2025-03-06,14,Agent_19,Active
RK-0487,Penthouse,Hamburg-Altona,118,3,A,807000,2024-06-10,2024-06-12,2,Agent_22,Active
RK-0488,Apartment,Hamburg-Winterhude,126,4,E,583000,2024-08-04,2024-08-08,4,Agent_22,Active
RK-0489,Apartment,Hamburg-Winterhude,58,3,A,353000,2024-11-10,2024-11-30,20,Agent_09,Active
RK-0490,House,Hamburg-Bergedorf,174,5,C,1075000,2024-10-24,2024-10-26,2,Agent_13,Sold
RK-0491,Apartment,Hamburg-Ottensen,70,3,D,397000,2024-06-18,2024-07-07,19,Agent_31,Sold
RK-0492,Apartment,Hamburg-HafenCity,105,2,E,597000,2024-05-07,2024-05-23,16,Agent_46,Sold
RK-0493,Commercial,Hamburg-St. Pauli,434,5,A+,1975000,2024-11-07,2024-11-22,15,Agent_50,Withdrawn
RK-0494,Studio,Hamburg-Altona,20,1,C,91000,2024-06-19,2024-06-29,10,Agent_07,Sold
RK-0495,Apartment,Hamburg-St. Pauli,114,4,B,569000,2024-11-13,2024-11-26,13,Agent_03,Withdrawn
RK-0496,Studio,Hamburg-St. Pauli,36,1,D,168000,2024-10-22,2024-11-11,20,Agent_38,Active
RK-0497,House,Hamburg-Ottensen,139,5,C,725000,2024-12-16,2024-12-26,10,Agent_47,Active
RK-0498,Apartment,Hamburg-Blankenese,66,3,A,397000,2024-06-06,2024-06-08,2,Agent_12,Active
RK-0499,House,Hamburg-Blankenese,275,4,C,1171000,2025-07-30,2025-07-31,1,Agent_36,Sold
RK-0500,Commercial,Hamburg-Winterhude,253,5,C,766000,2025-06-02,2025-06-07,5,Agent_28,Sold
